{
  "status": "rejected",
  "score": 0.8988653369102909,
  "score_before": 0.9434609678353453,
  "score_delta": -0.044595630925054364,
  "runtime": 0.0001609325408935547,
  "lines_changed": 0,
  "errors": null
}