{
  "status": "rejected",
  "score": 0.8990332524475966,
  "score_before": 0.9439555593259986,
  "score_delta": -0.04492230687840204,
  "runtime": 0.00011682510375976562,
  "lines_changed": 0,
  "errors": null
}