{
  "status": "accepted",
  "score": 0.9999953174591064,
  "score_before": 0.9997637939453125,
  "score_delta": 0.00023152351379396308,
  "runtime": 0.00011706352233886719,
  "lines_changed": 0,
  "errors": null
}