{
  "status": "accepted",
  "score": 0.9995833841990683,
  "score_before": 0.9444968298598175,
  "score_delta": 0.055086554339250804,
  "runtime": 2.1696090698242188e-05,
  "lines_changed": 32,
  "errors": null
}