{
  "status": "accepted",
  "score": 0.9950988625114531,
  "score_before": 0.9383063419673914,
  "score_delta": 0.0567925205440617,
  "runtime": 0.003002643585205078,
  "lines_changed": 5,
  "errors": null
}